"dataset","matrix_name","dataset_id","model","id","topology","KEY_node","KEY_q1","KEY_f1","KEY_pp1","KEY_QC","KEY_EN","KEY_branch_length","CTEN_q1","CTEN_f1","CTEN_pp1","CTEN_QC","CTEN_EN","CTEN_branch_length","CTEN_monophyly","PORI_q1","PORI_f1","PORI_pp1","PORI_QC","PORI_EN","PORI_branch_length","PORI_monophyly","Plac_present"
"Borowiec2015","Best108","Borowiec2015.Best108","C60","Borowiec2015.Best108.C60.CTEN","CTEN",60,0.359966547581107,33.1169223774619,0.46703660107312,64,92,0.034740430312446,NA,NA,NA,NA,NA,NA,"Single_tip",NA,NA,NA,NA,NA,NA,"Single_tip","Plac"
"Borowiec2015","Best108","Borowiec2015.Best108","C60","Borowiec2015.Best108.C60.PORI","PORI",60,0.291859725483816,26.851094744511,0.16251049818412,64,92,0,NA,NA,NA,NA,NA,NA,"Single_tip",NA,NA,NA,NA,NA,NA,"Single_tip","Plac"
"Borowiec2015","Best108","Borowiec2015.Best108","C60","Borowiec2015.Best108.C60.CTEN_PORI","CTEN_PORI",60,0.348173726935077,32.0319828780271,0.370452900742771,64,92,0.0167849678459107,NA,NA,NA,NA,NA,NA,"Single_tip",NA,NA,NA,NA,NA,NA,"Single_tip","Plac"
"Chang2015","Chang_AA","Chang2015.Chang_AA","C60","Chang2015.Chang_AA.C60.CTEN","CTEN",83,0.375116395417508,75.0232790835016,0.724850356811451,29250,200,0.0617426646996381,"0.9901215297077892","186.14284758506437","1.0","2268","188.0","3.78645643723093","Monophyletic","0.4094919090192247","81.89838180384494","0.9626742870180812","29400","200.0","0.117862736812478","Monophyletic","Plac"
"Chang2015","Chang_AA","Chang2015.Chang_AA","C60","Chang2015.Chang_AA.C60.PORI","PORI",83,0.334195412978041,66.8390825956082,0.190573170570754,29250,200,0,"0.9909970755795382","186.30745020895318","1.0","4400","188.0","3.84579328457756","Monophyletic","0.4081103947183496","81.62207894366992","0.9589701117466001","20790","200.0","0.11554553186757","Monophyletic","Plac"
"Chang2015","Chang_AA","Chang2015.Chang_AA","C60","Chang2015.Chang_AA.C60.CTEN_PORI","CTEN_PORI",132,0.290688191604451,58.1376383208902,0.0845764726177867,29250,200,0,"0.991561212940679","186.41350803284766","1.0","3068","188.0","3.88597940217732","Monophyletic","0.41746078293931754","83.4921565878635","0.9786059168906008","12390","200.0","0.131334716150828","Monophyletic","Plac"
"Dunn2008","Dunn2008_FixedNames","Dunn2008.Dunn2008_FixedNames","C60","Dunn2008.Dunn2008_FixedNames.C60.CTEN","CTEN",82,0.274978290194971,7.42441383526423,0.153039853905385,660,27,0,"0.9962264150943396","52.8","1.0","336","53.0","3.40119738166215","Monophyletic",NA,NA,NA,NA,NA,NA,"Single_tip","Plac"
"Dunn2008","Dunn2008_FixedNames","Dunn2008.Dunn2008_FixedNames","C60","Dunn2008.Dunn2008_FixedNames.C60.PORI","PORI",82,0.298567957070949,8.06133484091562,0.180711039959686,660,27,0,"0.9962264150943396","52.8","1.0","385","53.0","3.40119738166215","Monophyletic",NA,NA,NA,NA,NA,NA,"Single_tip","Plac"
"Dunn2008","Dunn2008_FixedNames","Dunn2008.Dunn2008_FixedNames","C60","Dunn2008.Dunn2008_FixedNames.C60.CTEN_PORI","CTEN_PORI",86,0.42645375273408,11.5142513238201,0.666249106134929,660,27,0.124243110973762,"1.0","15.0","0.999999907077714","61","15.0","2.36712361413162","Monophyletic",NA,NA,NA,NA,NA,NA,"Single_tip","Plac"
"Laumer2018","Tplx_BUSCOeuk","Laumer2018.Tplx_BUSCOeuk","C60","Laumer2018.Tplx_BUSCOeuk.C60.CTEN","CTEN",92,0.408918851101609,123.084574181584,0.990006224628356,19530,301,0.118048696541851,"0.37342465516203643","111.6539718934489","0.805859569112571","21762","299.0","1.81144580134725","Monophyletic","0.5361867135074813","126.00387767425809","0.9999999996860562","110","235.0","0.0600365204658868","Monophyletic","Plac"
"Laumer2018","Tplx_BUSCOeuk","Laumer2018.Tplx_BUSCOeuk","C60","Laumer2018.Tplx_BUSCOeuk.C60.PORI","PORI",94,0.302050295987037,90.9171390920981,0.00554506055553579,19530,301,0,"0.9017970657020807","145.189327578035","1.0","3410","161.0","1.86011727919706","Monophyletic","0.30205029598703687","90.9171390920981","0.005545060555535794","19530","301.0","0.0742625350546548","Monophyletic","Plac"
"Laumer2018","Tplx_BUSCOeuk","Laumer2018.Tplx_BUSCOeuk","C60","Laumer2018.Tplx_BUSCOeuk.C60.CTEN_PORI","CTEN_PORI",92,0.289030852911355,86.9982867263178,0.00444871481611016,19530,301,0,"0.5361867135074813","126.00387767425809","0.9999999996860562","110","235.0","1.87410869146613","Monophyletic","0.6104748950586703","90.3502844686832","0.9999999999891074","318","148.0","0.0800800375725146","Monophyletic","Plac"
"Moroz2014","ED3d","Moroz2014.ED3d","C60","Moroz2014.ED3d.C60.CTEN","CTEN",55,0.44237821997865,18.1375070191247,0.747822978768733,6831,41,0.159896615272136,"0.7049050789278619","41.58939965674385","0.9999999887735813","312","59.0","2.97915314475108","Monophyletic","0.0","0.0","0.16666666666666663","160","1.0","0.0960578736080395","Monophyletic","Plac"
"Moroz2014","ED3d","Moroz2014.ED3d","C60","Moroz2014.ED3d.C60.PORI","PORI",65,0.364274409234954,14.9352507786331,0.203360460448437,6831,41,0.0339723957601798,"NaN","0.0","0.33333333333333337","240","0.0","3.00020655394891","Monophyletic","0.5571164021164021","11.699444444444444","0.9411753735661392","240","21.0","0.0906821438437237","Monophyletic","Plac"
"Moroz2014","ED3d","Moroz2014.ED3d","C60","Moroz2014.ED3d.C60.CTEN_PORI","CTEN_PORI",55,0.193347370786395,7.9272422022422,0.04881656078283,6831,41,0,"NaN","0.0","0.33333333333333337","240","0.0","2.85263142991332","Monophyletic","0.5571164021164021","11.699444444444444","0.9411753735661392","240","21.0","0.126809582526653","Monophyletic","Plac"
"Nosenko2013","nonribosomal_9187_smatrix","Nosenko2013.nonribosomal_9187_smatrix","C60","Nosenko2013.nonribosomal_9187_smatrix.C60.CTEN","CTEN",80,0.458545409753512,16.0490893413729,0.837829215211014,30240,35,0.184779041004893,"0.18033434342345353","2.1640121210814423","0.057569470999083786","68","12.0","1.14529203579091","Monophyletic","0.9979166666666667","14.96875","0.9999998944748032","68","15.0","0.079100172592407","Monophyletic","Plac"
"Nosenko2013","nonribosomal_9187_smatrix","Nosenko2013.nonribosomal_9187_smatrix","C60","Nosenko2013.nonribosomal_9187_smatrix.C60.PORI","PORI",80,0.273457973331816,9.57102906661357,0.0826833061027975,30240,35,0,"0.02","0.04","0.14759825684774452","68","2.0","1.17347933093557","Monophyletic","0.25","2.0","0.1759164003869187","68","8.0","0.0947467978445871","Monophyletic","Plac"
"Nosenko2013","nonribosomal_9187_smatrix","Nosenko2013.nonribosomal_9187_smatrix","C60","Nosenko2013.nonribosomal_9187_smatrix.C60.CTEN_PORI","CTEN_PORI",88,0.267996616914671,9.3798815920135,0.0794874786861881,30240,35,0,"0.18033434342345353","2.1640121210814423","0.057569470999083786","68","12.0","1.18966195854177","Monophyletic","0.02","0.04","0.14759825684774452","68","2.0","0.111513048462839","Monophyletic","Plac"
"Nosenko2013","ribosomal_14615_smatrix","Nosenko2013.ribosomal_14615_smatrix","C60","Nosenko2013.ribosomal_14615_smatrix.C60.CTEN","CTEN",80,0.396507596751244,34.099653320607,0.715255523077837,31280,86,0.0920331182179497,"0.3612650833594753","31.430062252274354","0.4855808814354306","756","87.0","3.23837047231986","Monophyletic","0.5","2.0","0.5316648631499248","390","4.0","0.0417961240049886","Monophyletic","Plac"
"Nosenko2013","ribosomal_14615_smatrix","Nosenko2013.ribosomal_14615_smatrix","C60","Nosenko2013.ribosomal_14615_smatrix.C60.PORI","PORI",80,0.337338491284996,29.0111102505097,0.201037647006683,31280,86,0.000191574392472752,"0.9794665820501687","46.03492935635793","1.0","260","47.0","3.14098213062184","Monophyletic","0.9854550848117024","67.01094576719576","1.0","3366","68.0","0.0530489838200914","Monophyletic","Plac"
"Nosenko2013","ribosomal_14615_smatrix","Nosenko2013.ribosomal_14615_smatrix","C60","Nosenko2013.ribosomal_14615_smatrix.C60.CTEN_PORI","CTEN_PORI",88,0.266153911963759,22.8892364288833,0.0837068299154798,31280,86,0,"0.3612650833594753","31.430062252274354","0.4855808814354306","756","87.0","3.09355688714365","Monophyletic","0.9794665820501687","46.03492935635793","1.0","260","47.0","0.0849827342174197","Monophyletic","Plac"
"Philippe2009","Philippe_etal_superalignment_FixedNames","Philippe2009.Philippe_etal_superalignment_FixedNames","C60","Philippe2009.Philippe_etal_superalignment_FixedNames.C60.CTEN","CTEN",63,0.390159525323698,49.5502597161096,0.762795959037922,9504,127,0.0841069872320231,"0.38379206243697644","49.125383991932985","0.7215176607874005","6930","128.0","3.04345255852264","Monophyletic","0.709004600489721","90.75258886268429","1.0","294","128.0","0.0981667033352396","Monophyletic","Plac"
"Philippe2009","Philippe_etal_superalignment_FixedNames","Philippe2009.Philippe_etal_superalignment_FixedNames","C60","Philippe2009.Philippe_etal_superalignment_FixedNames.C60.PORI","PORI",63,0.330763532410416,42.0069686161228,0.161209651382278,9504,127,0,"0.709004600489721","90.75258886268429","1.0","294","128.0","3.06526581007446","Monophyletic","0.5758136397710429","73.7041458906935","0.999999964440991","3444","128.0","0.0981589852422877","Monophyletic","Plac"
"Philippe2009","Philippe_etal_superalignment_FixedNames","Philippe2009.Philippe_etal_superalignment_FixedNames","C60","Philippe2009.Philippe_etal_superalignment_FixedNames.C60.CTEN_PORI","CTEN_PORI",72,0.279076942265887,35.4427716677676,0.0759943895797956,9504,127,0,"0.38379206243697644","49.125383991932985","0.7215176607874005","6930","128.0","3.03400786436636","Monophyletic","0.709004600489721","90.75258886268429","1.0","294","128.0","0.147346147414569","Monophyletic","Plac"
"Philippe2011","UPDUNN_MB_FixedNames","Philippe2011.UPDUNN_MB_FixedNames","C60","Philippe2011.UPDUNN_MB_FixedNames.C60.CTEN","CTEN",83,0.377227012190839,44.1355604263281,0.66568539822651,1608,117,0.0629880007829291,"0.9994190456985376","56.96688560481664","1.0","414","57.0","3.62239997769308","Monophyletic","0.4388532174640058","23.698073743056312","0.8394775416212401","536","54.0","0.158188439716426","Monophyletic","Plac"
"Philippe2011","UPDUNN_MB_FixedNames","Philippe2011.UPDUNN_MB_FixedNames","C60","Philippe2011.UPDUNN_MB_FixedNames.C60.PORI","PORI",83,0.310009903755188,36.271158739357,0.163757364884617,1608,117,0,"0.9994148740987574","57.96606269772793","1.0","536","58.0","3.63869819765027","Monophyletic","0.44845993076751867","24.21683626144601","0.8598523050924753","414","54.0","0.174900168467574","Monophyletic","Plac"
"Philippe2011","UPDUNN_MB_FixedNames","Philippe2011.UPDUNN_MB_FixedNames","C60","Philippe2011.UPDUNN_MB_FixedNames.C60.CTEN_PORI","CTEN_PORI",149,0.312763084053973,36.5932808343149,0.170557236888865,1608,117,0,"0.9994557099820258","56.96897546897547","1.0","146","57.0","3.62442490425824","Monophyletic","0.32520744034358495","13.008297613743398","0.28594635370025545","146","40.0","0","Monophyletic","Plac"
"Ryan2013","REA_EST_includingXenoturbella","Ryan2013.REA_EST_includingXenoturbella","C60","Ryan2013.REA_EST_includingXenoturbella.C60.CTEN","CTEN",111,0.339787414568649,119.265382513596,0.384715659896028,4050,351,0.00826724380079316,"0.5715086119646035","13.144698075185879","0.9665114531224325","168","23.0","3.77403726245424","Monophyletic","0.4007598483814877","8.415956816011242","0.493903189002562","1224","21.0","0","Monophyletic","Plac"
"Ryan2013","REA_EST_includingXenoturbella","Ryan2013.REA_EST_includingXenoturbella","C60","Ryan2013.REA_EST_includingXenoturbella.C60.PORI","PORI",67,0.341554642903359,119.885679659079,0.41019217400611,4050,351,0.0109360570998318,"0.5715086119646035","13.144698075185879","0.9665114531224325","168","23.0","3.96790346382261","Monophyletic","1.0","6.0","0.9981735159817352","114","6.0","0","Monophyletic","Plac"
"Ryan2013","REA_EST_includingXenoturbella","Ryan2013.REA_EST_includingXenoturbella","C60","Ryan2013.REA_EST_includingXenoturbella.C60.CTEN_PORI","CTEN_PORI",67,0.318657942527992,111.848937827325,0.205092166097826,4050,351,0,"0.5124476139210795","35.871332974475564","0.9966365027642636","224","70.0","4.18694103615483","Monophyletic","0.4007598483814877","8.415956816011242","0.493903189002562","1224","21.0","0.0175927444358836","Monophyletic","Plac"
"Whelan2015","Dataset10","Whelan2015.Dataset10","C60","Whelan2015.Dataset10.C60.CTEN","CTEN",90,0.326072634430257,29.0204644642929,0.29448650370618,58900,89,0,"0.6316916218536093","29.057814605266024","0.9999348800593973","67","46.0","2.2520317288596","Monophyletic","0.38433213929806004","25.750253332970022","0.5224677105447928","195","67.0","0.103917405738529","Monophyletic","Plac"
"Whelan2015","Dataset10","Whelan2015.Dataset10","C60","Whelan2015.Dataset10.C60.PORI","PORI",90,0.343637004716407,30.5836934197602,0.391444401195522,58900,89,0.00977585197478949,"0.8097270006002641","63.968433047420866","1.0","67","79.0","2.2018105018598","Monophyletic","0.6316916218536093","29.057814605266024","0.9999348800593973","67","46.0","0.0998226548510463","Monophyletic","Plac"
"Whelan2015","Dataset10","Whelan2015.Dataset10","C60","Whelan2015.Dataset10.C60.CTEN_PORI","CTEN_PORI",98,0.330290360853336,29.3958421159469,0.314069095098285,58900,89,0,"0.38433213929806004","25.750253332970022","0.5224677105447928","195","67.0","2.20359534996009","Monophyletic","0.8097270006002641","63.968433047420866","1.0","67","79.0","0.106997649937844","Monophyletic","Plac"
"Whelan2017","Metazoa_Choano_RCFV_strict","Whelan2017.Metazoa_Choano_RCFV_strict","C60","Whelan2017.Metazoa_Choano_RCFV_strict.C60.CTEN","CTEN",92,0.366005680678683,28.914448773616,0.436942783056352,62700,79,0.0430598242040358,"0.6687666342541234","6.018899708287111","0.9318186566960961","213","9.0","1.61054133789272","Monophyletic","0.41222195231213327","47.40552451589532","0.8846239716620236","3420","115.0","0.217266958733309","Monophyletic","Plac"
"Whelan2017","Metazoa_Choano_RCFV_strict","Whelan2017.Metazoa_Choano_RCFV_strict","C60","Whelan2017.Metazoa_Choano_RCFV_strict.C60.PORI","PORI",113,0.367432145048316,29.027139458817,0.449583887119718,62700,79,0.0452681817327724,"0.739832304338081","5.178826130366567","0.9471596196576767","420","7.0","1.70532536006177","Monophyletic","0.41222195231213327","47.40552451589532","0.8846239716620236","3420","115.0","0.171184382181099","Monophyletic","Plac"
"Whelan2017","Metazoa_Choano_RCFV_strict","Whelan2017.Metazoa_Choano_RCFV_strict","C60","Whelan2017.Metazoa_Choano_RCFV_strict.C60.CTEN_PORI","CTEN_PORI",92,0.266562174273,21.058411767567,0.113473329823923,62700,79,0,"0.739832304338081","5.178826130366567","0.9471596196576767","420","7.0","1.70779648813678","Monophyletic","0.7747234452629498","90.64264309576512","1.0","6600","117.0","0.305016747208645","Monophyletic","Plac"
"Borowiec2015","Best108","Borowiec2015.Best108","Partition","Borowiec2015.Best108.Partition.CTEN","CTEN",61,0.444653299205837,40.908103526937,0.953886962046094,64,92,0.174124986328098,NA,NA,NA,NA,NA,NA,"Single_tip",NA,NA,NA,NA,NA,NA,"Single_tip","Plac"
"Borowiec2015","Best108","Borowiec2015.Best108","Partition","Borowiec2015.Best108.Partition.PORI","PORI",61,0.237995673409947,21.8956019537151,0.013966680837278,64,92,0,NA,NA,NA,NA,NA,NA,"Single_tip",NA,NA,NA,NA,NA,NA,"Single_tip","Plac"
"Borowiec2015","Best108","Borowiec2015.Best108","Partition","Borowiec2015.Best108.Partition.CTEN_PORI","CTEN_PORI",61,0.317351027384216,29.1962945193479,0.0321463571166291,64,92,0,NA,NA,NA,NA,NA,NA,"Single_tip",NA,NA,NA,NA,NA,NA,"Single_tip","Plac"
"Chang2015","Chang_AA","Chang2015.Chang_AA","Partition","Chang2015.Chang_AA.Partition.CTEN","CTEN",82,0.391619580202453,78.3239160404906,0.877687376988823,28665,200,0.0882923819878203,"0.9910028599080533","186.308537662714","1.0","2232","188.0","3.84619724123653","Monophyletic","0.41045529083273863","82.09105816654773","0.9647476725517113","28812","200.0","0.119481794427133","Monophyletic","noPlac"
"Chang2015","Chang_AA","Chang2015.Chang_AA","Partition","Chang2015.Chang_AA.Partition.PORI","PORI",82,0.321374056776022,64.2748113552045,0.0783561122999687,28665,200,0,"0.9911951107930911","186.34468082910112","1.0","4312","188.0","3.859717044455","Monophyletic","0.4072732734539047","81.45465469078094","0.9564254942387855","20412","200.0","0.114144041901021","Monophyletic","noPlac"
"Chang2015","Chang_AA","Chang2015.Chang_AA","Partition","Chang2015.Chang_AA.Partition.CTEN_PORI","CTEN_PORI",130,0.287006363021524,57.4012726043049,0.0439565107112025,28665,200,0,"0.9916228614451792","186.4250979516937","1.0","3016","188.0","3.89047041305199","Monophyletic","0.4354920332444739","87.09840664889478","0.9954671737192925","12180","200.0","0.162504940560456","Monophyletic","noPlac"
"Dunn2008","Dunn2008_FixedNames","Dunn2008.Dunn2008_FixedNames","Partition","Dunn2008.Dunn2008_FixedNames.Partition.CTEN","CTEN",81,0.390272331137658,10.5373529407168,0.470914136598936,660,27,0.0666752560858765,"1.0","53.0","1.0","336","53.0","3.58351893845611","Monophyletic",NA,NA,NA,NA,NA,NA,"Single_tip","Plac"
"Dunn2008","Dunn2008_FixedNames","Dunn2008.Dunn2008_FixedNames","Partition","Dunn2008.Dunn2008_FixedNames.Partition.PORI","PORI",81,0.235225352136955,6.3510845076978,0.13343275964705,660,27,0,"1.0","53.0","1.0","385","53.0","3.58351893845611","Monophyletic",NA,NA,NA,NA,NA,NA,"Single_tip","Plac"
"Dunn2008","Dunn2008_FixedNames","Dunn2008.Dunn2008_FixedNames","Partition","Dunn2008.Dunn2008_FixedNames.Partition.CTEN_PORI","CTEN_PORI",85,0.374502316725387,10.1115625515854,0.395653103754013,660,27,0.042584850540137,"1.0","15.0","0.999999907077714","61","15.0","2.36712361413162","Monophyletic",NA,NA,NA,NA,NA,NA,"Single_tip","Plac"
"Laumer2018","Tplx_BUSCOeuk","Laumer2018.Tplx_BUSCOeuk","Partition","Laumer2018.Tplx_BUSCOeuk.Partition.CTEN","CTEN",84,0.430397010444647,129.549500143839,0.999193722565277,17010,301,0.154851671331018,"0.9106467479114411","145.70347966583057","1.0","1470","160.0","1.94831388348309","Monophyletic","0.3713098570996752","111.02164727280288","0.788478044633955","18954","299.0","0.0566848938830597","Monophyletic","noPlac"
"Laumer2018","Tplx_BUSCOeuk","Laumer2018.Tplx_BUSCOeuk","Partition","Laumer2018.Tplx_BUSCOeuk.Partition.PORI","PORI",89,0.300453768590099,90.4365843456197,0.000495740771451493,17010,301,0,"0.9102377567061293","146.5482788296868","1.0","2970","161.0","1.94441082737601","Monophyletic","0.3748666597642031","111.71026460973252","0.828986360686551","12474","298.0","0.0623216603760388","Monophyletic","noPlac"
"Laumer2018","Tplx_BUSCOeuk","Laumer2018.Tplx_BUSCOeuk","Partition","Laumer2018.Tplx_BUSCOeuk.Partition.CTEN_PORI","CTEN_PORI",84,0.269149220965255,81.0139155105417,0.000310536663271613,17010,301,0,"0.9093289965769845","146.4019684488945","1.0","2550","161.0","1.93498650345187","Monophyletic","0.3964399509538722","118.53554533520779","0.965257286483915","11016","299.0","0.0972575740899536","Monophyletic","noPlac"
"Moroz2014","ED3d","Moroz2014.ED3d","Partition","Moroz2014.ED3d.Partition.CTEN","CTEN",56,0.468048916650064,19.1900055826526,0.877332068440708,6831,41,0.205005718624779,"0.5003307439835223","32.52149835892895","0.9882540671422566","648","65.0","2.99598559844451","Monophyletic","NaN","0.0","0.33333333333333337","555","0.0","0.183110491062334","Monophyletic","Plac"
"Moroz2014","ED3d","Moroz2014.ED3d","Partition","Moroz2014.ED3d.Partition.PORI","PORI",56,0.329627492306832,13.5147271845801,0.0890038074020313,6831,41,0,"0.495099973854685","25.745198640443622","0.9745974506010197","164","52.0","3.01703900764235","Monophyletic","0.6666666666666666","2.0","0.6666666666666666","160","3.0","0.222249707344789","Monophyletic","Plac"
"Moroz2014","ED3d","Moroz2014.ED3d","Partition","Moroz2014.ED3d.Partition.CTEN_PORI","CTEN_PORI",57,0.202323591043103,8.29526723276723,0.0336641241572612,6831,41,0,"1.0","1.0","0.6666666666666665","888","1.0","2.85263142991332","Monophyletic","0.6666666666666666","2.0","0.6666666666666666","160","3.0","0.205628437119898","Monophyletic","Plac"
"Nosenko2013","nonribosomal_9187_smatrix","Nosenko2013.nonribosomal_9187_smatrix","Partition","Nosenko2013.nonribosomal_9187_smatrix.Partition.CTEN","CTEN",80,0.487076813944464,17.0476884880562,0.91347118752083,30240,35,0.236127926736309,"0.3117220463140878","3.7406645557690537","0.29375576260867514","134","12.0","1.0697207443712","Monophyletic","0.9979166666666667","14.96875","0.9999998944748032","68","15.0","0.0543351018146798","Monophyletic","Plac"
"Nosenko2013","nonribosomal_9187_smatrix","Nosenko2013.nonribosomal_9187_smatrix","Partition","Nosenko2013.nonribosomal_9187_smatrix.Partition.PORI","PORI",80,0.26397304961518,9.23905673653132,0.0454554442655767,30240,35,0,"0.03","0.06","0.16578880973807836","68","2.0","1.11198603414596","Monophyletic","0.25390625","2.03125","0.22904393018399533","68","8.0","0.0409573677196788","Monophyletic","Plac"
"Nosenko2013","nonribosomal_9187_smatrix","Nosenko2013.nonribosomal_9187_smatrix","Partition","Nosenko2013.nonribosomal_9187_smatrix.Partition.CTEN_PORI","CTEN_PORI",88,0.248950136440356,8.71325477541245,0.0410733682135945,30240,35,0,"0.3117220463140878","3.7406645557690537","0.29375576260867514","134","12.0","1.15532603970858","Monophyletic","0.03","0.06","0.16578880973807836","68","2.0","0.118946337917754","Monophyletic","Plac"
"Nosenko2013","ribosomal_14615_smatrix","Nosenko2013.ribosomal_14615_smatrix","Partition","Nosenko2013.ribosomal_14615_smatrix.Partition.CTEN","CTEN",78,0.375027506442686,32.252365554071,0.59798631064992,28560,86,0.0577088492502855,"0.9883845078569363","67.21014653427167","1.0","1650","68.0","3.24650764270897","Monophyletic","0.36366405252803213","30.91144446488273","0.4948864379733462","25704","85.0","0.0399401970967331","Monophyletic","noPlac"
"Nosenko2013","ribosomal_14615_smatrix","Nosenko2013.ribosomal_14615_smatrix","Partition","Nosenko2013.ribosomal_14615_smatrix.Partition.PORI","PORI",78,0.315971005409752,27.1735064652387,0.210225078205057,28560,86,0,"0.9868914473684209","67.10861842105263","1.0","3162","68.0","3.19133384031159","Monophyletic","0.3692169253867711","31.38343865787554","0.5399097498642111","20520","85.0","0.0485450301027538","Monophyletic","noPlac"
"Nosenko2013","ribosomal_14615_smatrix","Nosenko2013.ribosomal_14615_smatrix","Partition","Nosenko2013.ribosomal_14615_smatrix.Partition.CTEN_PORI","CTEN_PORI",86,0.309001488147562,26.5741279806903,0.191788611145028,28560,86,0,"0.9862286594711274","67.06354884403666","1.0","2772","68.0","3.16778439967814","Monophyletic","0.3659402541146197","30.738981345628055","0.5019519484708906","17248","84.0","0.043380067749041","Monophyletic","noPlac"
"Philippe2009","Philippe_etal_superalignment_FixedNames","Philippe2009.Philippe_etal_superalignment_FixedNames","Partition","Philippe2009.Philippe_etal_superalignment_FixedNames.Partition.CTEN","CTEN",61,0.395212497127732,50.1919871352219,0.790698859509128,9207,127,0.0923207368099933,"0.9739643950170266","108.11004784688996","1.0","880","111.0","2.95463690560393","Monophyletic","0.3905246306694823","48.81557883368529","0.7791435373205126","7812","125.0","0.0846191605404116","Monophyletic","noPlac"
"Philippe2009","Philippe_etal_superalignment_FixedNames","Philippe2009.Philippe_etal_superalignment_FixedNames","Partition","Philippe2009.Philippe_etal_superalignment_FixedNames.Partition.PORI","PORI",61,0.334871670720124,42.5287021814558,0.150098932065727,9207,127,0,"0.9748319748319748","108.2063492063492","1.0","1240","111.0","2.97970493764695","Monophyletic","0.38727889225035","48.40986153129375","0.748196134975053","6732","125.0","0.0793764613185267","Monophyletic","noPlac"
"Philippe2009","Philippe_etal_superalignment_FixedNames","Philippe2009.Philippe_etal_superalignment_FixedNames","Partition","Philippe2009.Philippe_etal_superalignment_FixedNames.Partition.CTEN_PORI","CTEN_PORI",70,0.269915832152144,34.2793106833223,0.0592022084251491,9207,127,0,"0.9763831546565821","108.37853016688061","1.0","756","111.0","3.02615378850918","Monophyletic","0.4114475134983162","51.01949167379121","0.8974573539351646","2268","124.0","0.119046971683281","Monophyletic","noPlac"
"Philippe2011","UPDUNN_MB_FixedNames","Philippe2011.UPDUNN_MB_FixedNames","Partition","Philippe2011.UPDUNN_MB_FixedNames.Partition.CTEN","CTEN",83,0.339927761066164,39.7715480447412,0.360091415680665,1608,117,0.00558609923341226,"1.0","57.0","1.0","414","57.0","3.65497790243825","Monophyletic","0.4321569687762191","23.33647631391583","0.831430720659706","536","54.0","0.146702731136078","Monophyletic","Plac"
"Philippe2011","UPDUNN_MB_FixedNames","Philippe2011.UPDUNN_MB_FixedNames","Partition","Philippe2011.UPDUNN_MB_FixedNames.Partition.PORI","PORI",83,0.313630433275127,36.6947606931898,0.228963427178702,1608,117,0,"1.0","58.0","1.0","536","58.0","3.67207233579756","Monophyletic","0.4515520542885942","24.383810931584087","0.9000983232566337","414","54.0","0.180339153542579","Monophyletic","Plac"
"Philippe2011","UPDUNN_MB_FixedNames","Philippe2011.UPDUNN_MB_FixedNames","Partition","Philippe2011.UPDUNN_MB_FixedNames.Partition.CTEN_PORI","CTEN_PORI",149,0.346441805658709,40.533691262069,0.410945157140633,1608,117,0.0153764004811053,"1.0","57.0","1.0","146","57.0","3.65497790243825","Monophyletic","0.3363471570427959","13.453886281711835","0.34318717647715846","146","40.0","0","Monophyletic","Plac"
"Ryan2013","REA_EST_includingXenoturbella","Ryan2013.REA_EST_includingXenoturbella","Partition","Ryan2013.REA_EST_includingXenoturbella.Partition.CTEN","CTEN",111,0.353390562350658,124.040087385081,0.537576138113924,4050,351,0.0289962758583578,"0.6243125853377594","14.359189462768466","0.9922589329831791","168","23.0","4.31303376318693","Monophyletic","0.47565005760300555","9.988651209663116","0.7621052460705265","1224","21.0","0.0201728757721466","Monophyletic","Plac"
"Ryan2013","REA_EST_includingXenoturbella","Ryan2013.REA_EST_includingXenoturbella","Partition","Ryan2013.REA_EST_includingXenoturbella.Partition.PORI","PORI",67,0.342617224406181,120.25864576657,0.343161836017714,4050,351,0.012544170175985,"0.6243125853377594","14.359189462768466","0.9922589329831791","168","23.0","4.33946702025509","Monophyletic","1.0","6.0","0.9981735159817352","114","6.0","0.0199941060418633","Monophyletic","Plac"
"Ryan2013","REA_EST_includingXenoturbella","Ryan2013.REA_EST_includingXenoturbella","Partition","Ryan2013.REA_EST_includingXenoturbella.Partition.CTEN_PORI","CTEN_PORI",67,0.303992213243161,106.70126684835,0.119262025868362,4050,351,0,"0.5500516003690415","38.50361202583291","0.9996355022042382","224","70.0","4.31303376318693","Monophyletic","0.47565005760300555","9.988651209663116","0.7621052460705265","1224","21.0","0.071764540630545","Monophyletic","Plac"
"Whelan2015","Dataset10","Whelan2015.Dataset10","Partition","Whelan2015.Dataset10.Partition.CTEN","CTEN",88,0.380014799655157,33.821317169309,0.637360140483712,57000,89,0.0658071863407717,"0.9394222079175114","58.244176890885704","1.0","4410","62.0","2.17829983335209","Monophyletic","0.39993819843214107","35.594499660460556","0.768268345097537","36000","89.0","0.0978793042886823","Monophyletic","noPlac"
"Whelan2015","Dataset10","Whelan2015.Dataset10","Partition","Whelan2015.Dataset10.Partition.PORI","PORI",88,0.317821788899322,28.2861392120397,0.199845720290785,57000,89,0,"0.9411317242753467","58.3501669050715","1.0","7830","62.0","2.20083829289206","Monophyletic","0.3910886737891209","34.806891967231756","0.7145374721526097","24000","89.0","0.0835064712128566","Monophyletic","noPlac"
"Whelan2015","Dataset10","Whelan2015.Dataset10","Partition","Whelan2015.Dataset10.Partition.CTEN_PORI","CTEN_PORI",96,0.302163411445521,26.8925436186513,0.162794139225498,57000,89,0,"0.944512921588596","58.55980113849295","1.0","6840","62.0","2.2469704542145","Monophyletic","0.42143426711166687","37.50764977293835","0.8847006028450171","24000","89.0","0.133677113201981","Monophyletic","noPlac"
"Whelan2017","Metazoa_Choano_RCFV_strict","Whelan2017.Metazoa_Choano_RCFV_strict","Partition","Whelan2017.Metazoa_Choano_RCFV_strict.Partition.CTEN","CTEN",109,0.466003276003099,36.8142588042448,0.975261006569569,62700,79,0.211051150712139,"0.9375","15.0","0.999998915907469","213","16.0","1.57242051632924","Monophyletic","0.8150633256683852","61.12974942512889","1.0","345","75.0","0.154699881736516","Monophyletic","Plac"
"Whelan2017","Metazoa_Choano_RCFV_strict","Whelan2017.Metazoa_Choano_RCFV_strict","Partition","Whelan2017.Metazoa_Choano_RCFV_strict.Partition.PORI","PORI",91,0.301247148396692,23.7985247233387,0.0161635449179139,62700,79,0,"0.5586752758333611","49.16342427333577","0.9999740781813565","804","88.0","1.96631364790483","Monophyletic","0.5687876558778199","3.412725935266919","0.7091497708580896","144","6.0","0.138354309223654","Monophyletic","Plac"
"Whelan2017","Metazoa_Choano_RCFV_strict","Whelan2017.Metazoa_Choano_RCFV_strict","Partition","Whelan2017.Metazoa_Choano_RCFV_strict.Partition.CTEN_PORI","CTEN_PORI",91,0.232749575600209,18.3872164724165,0.00857544851251694,62700,79,0,"0.4795791085857309","14.866952366157657","0.8730416074142476","4320","31.0","1.98827024455188","Monophyletic","0.5586752758333611","49.16342427333577","0.9999740781813565","804","88.0","0.220601760945518","Monophyletic","Plac"
